<?xml version="1.0"?>
<doc>
    <assembly>
        <name>OfferingSolutions.PictureHelper</name>
    </assembly>
    <members>
        <member name="T:OfferingSolutions.PictureHelper.IOsPictureHelper">
            <summary>
            Class offering you basic image-functions
            </summary>
        </member>
        <member name="M:OfferingSolutions.PictureHelper.IOsPictureHelper.ResizeImage(System.Drawing.Image,System.Int32,System.Int32)">
            <summary>
            Resizes the image by keeping the ratio
            </summary>
            <param name="image">The image to resize</param>
            <param name="maxWidth">The maximum width in pixels</param>
            <param name="maxHeight">The maximum height in pixels</param>
            <returns>The resized image</returns>
        </member>
        <member name="M:OfferingSolutions.PictureHelper.IOsPictureHelper.ResizeImage(System.Drawing.Image,System.Drawing.Size)">
            <summary>
            Resizes the image by keeping the ratio
            </summary>
            <param name="image"></param>
            <param name="maxSize">THe maximum Size</param>
            <returns>The resized image</returns>
        </member>
        <member name="M:OfferingSolutions.PictureHelper.IOsPictureHelper.ChangeOpacity(System.Drawing.Image,System.Int32)">
            <summary>
            Changes the opacity of the given image. Only png and gif is allowed here
            </summary>
            <param name="image">The image to change opacity</param>
            <param name="opacityValueInPercent">Value in percent for opacity (0-100)</param>
            <returns>The image with changed opacity</returns>
        </member>
        <member name="M:OfferingSolutions.PictureHelper.IOsPictureHelper.SaveImage(System.Drawing.Image,System.String)">
            <summary>
            Saves the image on the given path, making a guid as filename
            </summary>
            <param name="image">The image to save</param>
            <param name="filePath">The path to save without the filename</param>
            <returns>The filename with extension of the saved file</returns>
        </member>
        <member name="M:OfferingSolutions.PictureHelper.IOsPictureHelper.SaveImage(System.Drawing.Image,System.String,System.String)">
            <summary>
            Saves the image on the given path
            </summary>
            <param name="image">The image to save</param>
            <param name="filePath">The path to save without the filename</param>
            <param name="fileName">The filename the image should have. If it has no extension, the default will be applied (jpg)</param>
            <returns>The filename with extension of the saved file</returns>
        </member>
        <member name="M:OfferingSolutions.PictureHelper.IOsPictureHelper.SaveImage(System.Drawing.Image,System.String,System.String,System.Drawing.Imaging.ImageFormat)">
            <summary>
            Saves the image on the given path after converting it to the given imageformat
            </summary>
            <param name="image">The image to save</param>
            <param name="filePath">The path to save without the filename</param>
            <param name="fileName">The filename the image should have. The extension will be overridden with the imageformat</param>
            <param name="imageFormat">The imageformat of the image</param>
            <returns>The filename with extension of the saved file</returns>
        </member>
        <member name="M:OfferingSolutions.PictureHelper.IOsPictureHelper.CropImage(System.Drawing.Image,System.Drawing.Rectangle)">
            <summary>
            Crops the image with the values of the given rectangle
            </summary>
            <param name="image">The image to crop</param>
            <param name="areaToCrop">Rectangle with coordinates and width/height</param>
            <returns>The cropped image</returns>
        </member>
        <member name="T:OfferingSolutions.PictureHelper.OsPictureHelper">
            <summary>
            Class offering you basic image-functions
            </summary>
        </member>
    </members>
</doc>
