<?xml version="1.0"?>
<doc>
    <assembly>
        <name>OfferingSolutions.MvcHelpers</name>
    </assembly>
    <members>
        <member name="T:OfferingSolutions.MvcHelpers.OsMvcHelper.OsMvcHelpers">
            <summary>
            Offering you small helpers for validation and converting values (not only) in an MVC-environment
            </summary>
        </member>
        <member name="M:OfferingSolutions.MvcHelpers.OsMvcHelper.OsMvcHelpers.CheckIsNull(System.Object)">
            <summary>
            Throws an ArgumentNullException if value is null
            </summary>
            <param name="value">value to check for null</param>
        </member>
        <member name="M:OfferingSolutions.MvcHelpers.OsMvcHelper.OsMvcHelpers.CheckIsNull``1(``0,System.String)">
            <summary>
            Throws an ArgumentNullException if value is null. If not it returns the specific type
            </summary>
            <param name="value">value to check</param>
            <param name="message">the exception message</param>
        </member>
        <member name="M:OfferingSolutions.MvcHelpers.OsMvcHelper.OsMvcHelpers.IsNull(System.Object)">
            <summary>
            True if value is null, otherwise false
            </summary>
            <param name="value">value to check for null</param>
        </member>
        <member name="M:OfferingSolutions.MvcHelpers.OsMvcHelper.OsMvcHelpers.IsNullOrEmpty``1(System.Collections.Generic.IEnumerable{``0})">
            <summary>
            Checks enumerable on null and being empty.
            </summary>
            <param name="value">enumerable to check for null or empty</param>
        </member>
        <member name="M:OfferingSolutions.MvcHelpers.OsMvcHelper.OsMvcHelpers.IsTimeSpan(System.String)">
            <summary>
            True, if values is a valid TimeSpan, otherwise false
            </summary>
            <param name="value"></param>
            <returns>True, if value is a TimeSpan, otherwise false</returns>
        </member>
        <member name="M:OfferingSolutions.MvcHelpers.OsMvcHelper.OsMvcHelpers.IsEmail(System.String)">
            <summary>
            Checks if a given string is a valid Email-Adress
            </summary>
            <param name="value"></param>
            <returns></returns>
        </member>
        <member name="M:OfferingSolutions.MvcHelpers.OsMvcHelper.OsMvcHelpers.ToDateTime(System.String)">
            <summary>
            Converts a string to DateTime, if not it throws an exception
            </summary>
            <param name="toConvert"></param>
            <returns>The converted DateTime</returns>
        </member>
        <member name="M:OfferingSolutions.MvcHelpers.OsMvcHelper.OsMvcHelpers.ToTimeSpan(System.String)">
            <summary>
            Converts a string to TimeSpan, if not it throws an exception
            </summary>
            <param name="toConvert"></param>
            <returns>The converted TimeSpan</returns>
        </member>
        <member name="M:OfferingSolutions.MvcHelpers.OsMvcHelper.OsMvcHelpers.IsValidPassword(System.String,System.Int32)">
            <summary>
            Cheks if a string is not null,filled and has a specific lenght. False if any of these conditions are not fulfilled, true if everything matches
            </summary>
            <param name="value"></param>
            <param name="minLength"></param>
            <returns></returns>
        </member>
        <member name="M:OfferingSolutions.MvcHelpers.OsMvcHelper.OsMvcHelpers.HasFormat(System.Web.HttpPostedFileBase,System.String[])">
            <summary>
            Checks if a file has a specific format
            </summary>
            <param name="file"></param>
            <param name="acceptedExtensions"></param>
            <returns></returns>
        </member>
        <member name="M:OfferingSolutions.MvcHelpers.OsMvcHelper.OsMvcHelpers.IsImage(System.Web.HttpPostedFileBase,System.String[])">
            <summary>
            Checks if a file is an image (Checks the contenttype) and checks if the image has a valid format
            </summary>
            <param name="file"></param>
            <param name="acceptedExtensions"></param>
            <returns></returns>
        </member>
        <member name="M:OfferingSolutions.MvcHelpers.OsMvcHelper.OsMvcHelpers.IsDouble(System.String)">
            <summary>
            Checks if a string represents double
            </summary>
            <param name="argumentValue"></param>
            <returns></returns>
        </member>
        <member name="M:OfferingSolutions.MvcHelpers.OsMvcHelper.OsMvcHelpers.ToDouble(System.String)">
            <summary>
            Converts a string to double. If string is invalid an exception is thrown
            </summary>
            <param name="value"></param>
            <returns></returns>
        </member>
    </members>
</doc>
